"email","expertLabel"
"WlssfJmyFHXTjaN7H3vVIFuapi0BrNyaCkzovGm3HC8=","e01"
"bqlTtP9X1ZXk13whekpynZbbxa3DWFnWHwI6otmgozU=","e02"
"gsSTUkaSbXrQaWLg/2g5PXm7AAV1JVWluJipWg3KMdI=","e03"
"xmSlkqFx3CxnveFEzo5UpVio3xrM7WQUcwkkEXc7lEs=","e04"
"HNfjo1k02qw5fYuyVHsz4KjMRFp6XspUFqzB4Yo5k50=","e05"
"/ua6CVUZDbx947YulVXl8Dm5IEm9O0HuRFbW43OcAyk=","e06"
"jtstSgetg7q/uxqnNyzQtCAlri/3b+CgIZmy0Wd08XI=","e07"
"yQRcoQawKsgFet0RjL3zFvjawzmL0mKhhBGx2j/H68I=","e08"
"9LWqbANEfxxfJCk08QCoaQm3KadWBjlVv6s8E6jQrLY=","e09"
"QcHHwA9jlTJKJyEgHg09r7GLwp1AIiYt7mSguHoUtxU=","e10"
"Kiy/6+otXOFeCE4vNU6j1KZzzO7ksXmY6LUcNnM82Bc=","e11"
"PO1WSH09ZdYU3HO/5v1QMvc9dM+EiNtE+GOBmzKM6Yw=","e12"
"O+V06JN5PrIlcXHGJeYb+KFIpidAtm3bBWkUikCwnPY=","e13"
"pv6P3lq4AS61U3cbnTJKPGSTYsIKCAgq7Y1CA86qRXg=","e14"
"ci8AND5Ftfsv8ym7u9/5sUpEcTrhyE1osbJgc4n0VPY=","e15"
"eI7EFzSmN6QI69pQGzFp3DGKxd9PVq7wtYaKumfbOZE=","e16"
"8SRTbIMZk0rnohg1VCJZngRMDK5vwT9wQOzbeiFhVGc=","e17"
"pQlYR+lm19P3UipS0UoaFqNBeAz43wp8rOwgulXLQb4=","e18"
"YgyMETSIbYAyQAy3S2cG/Z3AK/93vPmKWu4dn7q9zdc=","e19"
"XvDkFpLuFGtW9X1KuHNgHH4i0S53YbSHA5tHXCEM+Xo=","e20"
"h/cxscnKxAVta/zjjaOqNuZSwYAx4AD1z5zrCSaWx8o=","e21"
"3FJC4djKbsa6+zKSrLGdSEUZ0MoQrbxSHNcz8M42HmU=","e22"
"COQb3QGGGkxUQCtMkbwv4bisaXdKBt+vqq0Hrw8A2vo=","e23"
"gg0bVSG9fKZtTG8nXUfawsbReA/kcZaD5JI67PvZR3k=","e24"
"cOVggeh48xI7dVcSFbVcAOlXTpqFTa9RR/OHvaFKkXk=","e25"
"7xjfbI5ndtnOPmiYgFqRv6Dr9Z1Igx40G0cbm0+Lk8g=","e26"
